NUTS1;NUTS2;NUTS3;DISTRICT_CODE;DISTRICT_CODE;LAU_CODE;LAU_NAME;POP_2002;POP_2003;POP_2004;POP_2005;POP_2006;POP_2007;POP_2008;POP_2009;POP_2010;POP_2011;POP_2012;POP_2013;POP_2014;POP_2015;POP_2016;POP_2017;POP_2018;POP_2019;POP_2020;POP_2021;POP_2022;POP_2023;POP_2024;POP_2025
AT2;AT22;AT221;601;Graz-Stadt;60101;Graz ;232930;235485;237658;241298;244997;247624;250177;252502;255152;258847;262223;265778;269997;274207;280258;283869;286292;288806;291072;291134;292630;298479;302749;305314
AT2;AT22;AT225;603;Deutschlandsberg;60305;Frauental an der Laßnitz ;2975;2920;2908;2946;2920;2936;2924;2946;2902;2917;2943;2910;2888;2880;2823;2834;2894;2911;2930;2994;3040;3135;3213;3170
AT2;AT22;AT225;603;Deutschlandsberg;60318;Lannach ;3182;3172;3171;3206;3252;3273;3278;3290;3295;3301;3314;3339;3337;3376;3394;3398;3459;3509;3537;3590;3647;3649;3668;3670
AT2;AT22;AT225;603;Deutschlandsberg;60323;Pölfing-Brunn ;1746;1722;1703;1628;1601;1616;1616;1618;1612;1647;1668;1637;1635;1624;1627;1646;1619;1625;1627;1602;1602;1591;1576;1561
AT2;AT22;AT225;603;Deutschlandsberg;60324;Preding ;1626;1618;1673;1688;1677;1681;1702;1683;1695;1717;1693;1693;1687;1728;1703;1747;1767;1782;1782;1815;1905;1900;1916;1896
AT2;AT22;AT225;603;Deutschlandsberg;60326;Sankt Josef (Weststeiermark) ;1331;1313;1327;1361;1355;1360;1360;1372;1354;1351;1398;1433;1438;1474;1511;1560;1601;1622;1619;1671;1693;1714;1700;1675
AT2;AT22;AT225;603;Deutschlandsberg;60329;Sankt Peter im Sulmtal ;1266;1293;1290;1309;1354;1334;1310;1311;1320;1329;1357;1347;1336;1322;1321;1300;1268;1256;1256;1258;1240;1274;1292;1271
AT2;AT22;AT225;603;Deutschlandsberg;60341;Wettmannstätten ;1461;1467;1469;1489;1495;1507;1503;1502;1514;1519;1537;1557;1555;1553;1622;1620;1600;1604;1621;1645;1662;1660;1670;1649
AT2;AT22;AT225;603;Deutschlandsberg;60344;Deutschlandsberg ;11182;11167;11239;11352;11407;11351;11336;11351;11319;11309;11289;11265;11382;11433;11656;11640;11604;11663;11663;11623;11676;11721;11753;11757
AT2;AT22;AT225;603;Deutschlandsberg;60345;Eibiswald ;7199;7096;7101;6984;6939;6916;6850;6886;6836;6768;6716;6708;6669;6585;6590;6575;6485;6446;6391;6373;6365;6309;6301;6154
AT2;AT22;AT225;603;Deutschlandsberg;60346;Groß Sankt Florian ;4379;4393;4367;4379;4369;4379;4383;4373;4355;4319;4289;4204;4229;4224;4198;4197;4150;4146;4130;4122;4124;4092;4095;4090
AT2;AT22;AT225;603;Deutschlandsberg;60347;Sankt Martin im Sulmtal ;3455;3449;3380;3329;3307;3301;3292;3235;3228;3197;3148;3126;3099;3049;3069;3049;3059;3093;3105;3112;3078;3024;3025;3000
AT2;AT22;AT225;603;Deutschlandsberg;60348;Sankt Stefan ob Stainz ;3642;3611;3604;3619;3649;3620;3627;3606;3611;3605;3617;3570;3548;3544;3582;3567;3571;3576;3579;3569;3596;3622;3654;3671
AT2;AT22;AT225;603;Deutschlandsberg;60349;Bad Schwanberg ;5011;4995;5029;5040;5009;5067;5064;4990;4941;4869;4783;4708;4665;4618;4555;4605;4566;4571;4559;4520;4471;4472;4413;4421
AT2;AT22;AT225;603;Deutschlandsberg;60350;Stainz ;8210;8277;8320;8299;8355;8321;8355;8298;8332;8425;8483;8484;8554;8535;8589;8650;8653;8637;8749;8688;8686;8675;8656;8783
AT2;AT22;AT225;603;Deutschlandsberg;60351;Wies ;4701;4697;4675;4662;4627;4550;4542;4505;4505;4473;4424;4456;4444;4459;4417;4420;4438;4380;4319;4289;4252;4283;4286;4297
AT2;AT22;AT221;606;Graz-Umgebung;60608;Feldkirchen bei Graz ;5038;5036;5053;5199;5239;5277;5384;5422;5456;5428;5500;5595;5696;5840;5920;6142;6308;6508;6703;6847;7133;7261;7287;7299
AT2;AT22;AT221;606;Graz-Umgebung;60611;Gössendorf ;3114;3156;3186;3205;3274;3307;3426;3503;3602;3668;3722;3748;3774;3837;3832;3918;3981;4041;4117;4178;4215;4177;4237;4220
AT2;AT22;AT221;606;Graz-Umgebung;60613;Gratkorn ;6658;6718;6777;6830;6939;7087;7211;7320;7408;7500;7541;7583;7622;7791;7827;7813;7892;7963;8052;8147;8374;8370;8310;8279
AT2;AT22;AT221;606;Graz-Umgebung;60617;Hart bei Graz ;4168;4270;4310;4344;4378;4370;4373;4431;4456;4405;4463;4499;4547;4538;4850;4942;4972;5126;5242;5236;5414;5436;5483;5533
AT2;AT22;AT221;606;Graz-Umgebung;60618;Haselsdorf-Tobelbad ;1233;1230;1258;1241;1253;1272;1307;1312;1317;1328;1347;1343;1346;1353;1359;1385;1426;1512;1526;1567;1581;1607;1622;1610
AT2;AT22;AT221;606;Graz-Umgebung;60619;Hausmannstätten ;2471;2503;2579;2678;2692;2729;2749;2840;2899;2874;2848;2914;2968;2988;3130;3177;3288;3380;3475;3593;3701;3783;3777;3803
AT2;AT22;AT221;606;Graz-Umgebung;60623;Kainbach bei Graz ;2485;2524;2521;2538;2551;2597;2576;2584;2598;2615;2631;2689;2699;2720;2749;2762;2834;2814;2802;2821;2860;2838;2878;2883
AT2;AT22;AT221;606;Graz-Umgebung;60624;Kalsdorf bei Graz ;4863;5008;5079;5181;5325;5421;5561;5706;5759;5797;5868;6028;6120;6183;6395;6610;6954;7128;7572;7869;8073;8308;8662;9010
AT2;AT22;AT221;606;Graz-Umgebung;60626;Kumberg ;3128;3226;3299;3354;3407;3436;3503;3514;3532;3560;3610;3662;3714;3728;3814;3843;3843;3898;3840;3909;3895;3960;3922;3947
AT2;AT22;AT221;606;Graz-Umgebung;60628;Laßnitzhöhe ;2579;2573;2583;2587;2622;2640;2679;2694;2695;2693;2695;2622;2620;2690;2718;2719;2817;2762;2756;2794;2795;2830;2881;2902
AT2;AT22;AT221;606;Graz-Umgebung;60629;Lieboch ;4077;4146;4244;4299;4342;4432;4481;4555;4567;4611;4686;4749;4820;4866;4967;5060;5096;5149;5225;5311;5457;5504;5581;5754
AT2;AT22;AT221;606;Graz-Umgebung;60632;Peggau ;2178;2145;2138;2168;2178;2163;2166;2181;2155;2127;2128;2149;2144;2201;2199;2220;2199;2234;2335;2338;2367;2414;2413;2432
AT2;AT22;AT221;606;Graz-Umgebung;60639;Sankt Bartholomä ;1398;1388;1383;1391;1392;1380;1367;1344;1362;1338;1381;1384;1400;1379;1385;1412;1442;1438;1442;1457;1468;1489;1503;1504
AT2;AT22;AT221;606;Graz-Umgebung;60641;Sankt Oswald bei Plankenwarth ;1122;1140;1156;1153;1151;1134;1136;1148;1124;1134;1179;1188;1225;1214;1201;1207;1244;1263;1268;1259;1277;1270;1278;1260
AT2;AT22;AT221;606;Graz-Umgebung;60642;Sankt Radegund bei Graz ;2047;2035;2019;2024;2058;2053;2049;2045;2031;2025;2018;2022;2054;2063;2089;2123;2165;2150;2144;2132;2160;2162;2167;2156
AT2;AT22;AT221;606;Graz-Umgebung;60645;Semriach ;3161;3175;3206;3272;3282;3238;3252;3248;3236;3225;3253;3295;3292;3327;3334;3336;3323;3305;3291;3262;3279;3209;3202;3143
AT2;AT22;AT221;606;Graz-Umgebung;60646;Stattegg ;2426;2452;2476;2515;2577;2655;2731;2741;2746;2741;2729;2773;2780;2795;2847;2866;2927;2950;2935;2982;3007;3019;3033;3029
AT2;AT22;AT221;606;Graz-Umgebung;60647;Stiwoll ;692;695;693;703;708;686;689;701;700;716;714;707;719;725;725;718;722;707;706;708;711;707;702;691
AT2;AT22;AT221;606;Graz-Umgebung;60648;Thal ;2118;2132;2171;2205;2213;2223;2256;2247;2229;2252;2233;2244;2240;2265;2273;2254;2261;2274;2288;2385;2420;2455;2498;2541
AT2;AT22;AT221;606;Graz-Umgebung;60651;Übelbach ;2096;2106;2099;2054;2036;2015;2003;1964;1973;1973;1950;1987;2000;1982;2006;2024;2036;2042;2022;2051;2084;2093;2075;2068
AT2;AT22;AT221;606;Graz-Umgebung;60653;Vasoldsberg ;3851;3903;3955;4031;4116;4170;4185;4204;4208;4232;4222;4185;4328;4418;4453;4528;4572;4606;4598;4643;4731;4765;4789;4789
AT2;AT22;AT221;606;Graz-Umgebung;60654;Weinitzen ;2407;2386;2406;2438;2453;2458;2505;2528;2508;2526;2583;2586;2596;2602;2639;2632;2617;2621;2670;2739;2746;2712;2739;2751
AT2;AT22;AT221;606;Graz-Umgebung;60655;Werndorf ;2007;2006;2046;2075;2081;2086;2119;2108;2151;2169;2198;2204;2248;2278;2277;2307;2365;2356;2383;2453;2554;2768;2848;2956
AT2;AT22;AT221;606;Graz-Umgebung;60656;Wundschuh ;1405;1415;1393;1422;1438;1493;1469;1476;1459;1491;1517;1532;1539;1545;1544;1598;1599;1598;1629;1645;1652;1681;1661;1684
AT2;AT22;AT221;606;Graz-Umgebung;60659;Deutschfeistritz ;4212;4268;4264;4316;4293;4288;4230;4226;4217;4216;4242;4238;4222;4211;4188;4253;4311;4399;4409;4421;4452;4512;4464;4432
AT2;AT22;AT221;606;Graz-Umgebung;60660;Dobl-Zwaring ;2823;2847;2847;2894;2956;3051;3109;3165;3216;3264;3284;3307;3357;3423;3443;3524;3537;3525;3544;3579;3705;3783;3767;3798
AT2;AT22;AT221;606;Graz-Umgebung;60661;Eggersdorf bei Graz ;6174;6140;6197;6240;6244;6253;6287;6334;6375;6391;6397;6400;6394;6467;6507;6571;6620;6669;6808;6911;7009;7193;7243;7329
AT2;AT22;AT221;606;Graz-Umgebung;60662;Fernitz-Mellach  ;3776;3898;3991;4112;4167;4219;4238;4303;4399;4368;4400;4489;4557;4610;4656;4749;4804;4813;4870;4894;4911;4926;4962;4951
AT2;AT22;AT221;606;Graz-Umgebung;60663;Frohnleiten ;7354;7312;7245;7181;7155;7054;6999;6948;6911;6867;6823;6779;6675;6698;6705;6712;6655;6551;6542;6517;6524;6633;6668;6690
AT2;AT22;AT221;606;Graz-Umgebung;60664;Gratwein-Straßengel  ;11886;11897;12023;12191;12187;12326;12389;12466;12465;12615;12722;12785;12811;12786;12806;12914;13002;12931;12846;12759;12779;12770;12879;12799
AT2;AT22;AT221;606;Graz-Umgebung;60665;Hitzendorf ;6368;6466;6555;6585;6645;6764;6799;6847;6884;6881;6859;6851;6895;6905;7012;7121;7134;7122;7220;7259;7296;7336;7360;7398
AT2;AT22;AT221;606;Graz-Umgebung;60666;Nestelbach bei Graz ;2546;2529;2546;2544;2537;2555;2572;2633;2648;2631;2604;2675;2645;2669;2644;2672;2648;2656;2640;2667;2733;2766;2751;2734
AT2;AT22;AT221;606;Graz-Umgebung;60667;Raaba-Grambach  ;3317;3349;3497;3584;3625;3678;3675;3742;3764;3837;3837;3872;4026;4029;4163;4363;4420;4549;4676;4705;4722;4948;4983;5060
AT2;AT22;AT221;606;Graz-Umgebung;60668;Sankt Marein bei Graz ;3448;3426;3462;3458;3459;3510;3508;3515;3520;3545;3563;3564;3627;3580;3642;3640;3675;3739;3747;3731;3745;3749;3758;3752
AT2;AT22;AT221;606;Graz-Umgebung;60669;Seiersberg-Pirka  ;8765;8934;9262;9559;9746;10033;10180;10247;10377;10442;10545;10581;10637;10699;10748;11051;11187;11216;11408;11633;11972;12112;12258;12289
AT2;AT22;AT221;606;Graz-Umgebung;60670;Premstätten;4556;4585;4620;4755;4836;4932;4990;5018;5080;5092;5155;5303;5534;5692;5783;5934;6068;6265;6339;6451;6610;6862;7081;7178
AT2;AT22;AT225;610;Leibnitz;61001;Allerheiligen bei Wildon ;1308;1303;1313;1355;1360;1366;1386;1400;1406;1434;1437;1421;1425;1400;1424;1450;1470;1491;1528;1560;1597;1597;1630;1615
AT2;AT22;AT225;610;Leibnitz;61002;Arnfels ;1096;1105;1097;1084;1123;1123;1111;1125;1116;1105;1071;1086;1081;1051;1072;1041;1013;987;984;961;963;974;982;960
AT2;AT22;AT225;610;Leibnitz;61007;Empersdorf ;1228;1233;1259;1279;1296;1289;1281;1288;1324;1316;1321;1316;1325;1318;1340;1369;1376;1385;1407;1406;1423;1412;1387;1394
AT2;AT22;AT225;610;Leibnitz;61008;Gabersdorf ;1057;1057;1044;1073;1112;1107;1102;1114;1089;1091;1112;1130;1126;1107;1173;1215;1227;1216;1237;1259;1292;1294;1280;1310
AT2;AT22;AT225;610;Leibnitz;61012;Gralla ;1777;1791;1808;1849;1899;1932;1960;1946;1983;2022;2066;2150;2188;2251;2267;2315;2390;2511;2552;2580;2732;2854;2883;2876
AT2;AT22;AT225;610;Leibnitz;61013;Großklein ;2338;2352;2330;2317;2295;2254;2271;2261;2221;2223;2271;2297;2292;2260;2246;2268;2292;2251;2256;2264;2266;2247;2228;2232
AT2;AT22;AT225;610;Leibnitz;61016;Heimschuh ;1881;1899;1929;1958;1953;1978;1998;1973;1972;1947;1954;1980;1999;2006;1998;1986;1968;1949;1965;1989;1985;1988;1989;1997
AT2;AT22;AT225;610;Leibnitz;61017;Hengsberg ;1400;1396;1389;1382;1394;1406;1401;1378;1370;1388;1391;1396;1395;1411;1464;1421;1445;1462;1487;1503;1497;1493;1547;1574
AT2;AT22;AT225;610;Leibnitz;61019;Kitzeck im Sausal ;1207;1215;1228;1208;1210;1215;1205;1217;1223;1236;1208;1221;1223;1249;1260;1226;1228;1217;1229;1214;1183;1174;1167;1175
AT2;AT22;AT225;610;Leibnitz;61020;Lang ;1139;1142;1184;1204;1200;1219;1213;1212;1239;1205;1214;1216;1231;1256;1281;1290;1325;1345;1344;1351;1351;1372;1367;1373
AT2;AT22;AT225;610;Leibnitz;61021;Lebring-Sankt Margarethen ;1904;1927;1934;1967;1973;1947;1975;1988;1981;1976;1999;2041;2028;2076;2155;2173;2168;2182;2210;2193;2188;2246;2281;2260
AT2;AT22;AT225;610;Leibnitz;61024;Oberhaag ;2360;2390;2375;2366;2355;2340;2339;2320;2330;2266;2257;2224;2196;2208;2211;2165;2136;2081;2068;2064;2077;2079;2036;2021
AT2;AT22;AT225;610;Leibnitz;61027;Ragnitz ;1427;1436;1460;1471;1444;1441;1447;1455;1468;1477;1450;1440;1481;1463;1451;1458;1469;1492;1504;1498;1528;1560;1603;1647
AT2;AT22;AT225;610;Leibnitz;61030;Sankt Andrä-Höch ;1827;1832;1828;1802;1794;1773;1764;1757;1759;1749;1740;1733;1759;1742;1728;1723;1731;1731;1727;1701;1703;1713;1730;1730
AT2;AT22;AT225;610;Leibnitz;61032;Sankt Johann im Saggautal ;2099;2058;2042;2057;2063;2045;2052;2081;2070;2083;2049;2048;2037;2031;2011;2006;2023;2003;1998;1999;2006;1984;1966;1961
AT2;AT22;AT225;610;Leibnitz;61033;Sankt Nikolai im Sausal ;2113;2139;2139;2152;2182;2207;2234;2220;2212;2224;2210;2235;2206;2211;2204;2243;2257;2278;2281;2332;2322;2310;2336;2345
AT2;AT22;AT225;610;Leibnitz;61043;Tillmitsch ;3019;3034;3068;3099;3081;3134;3131;3142;3180;3179;3159;3201;3197;3200;3209;3246;3284;3300;3375;3457;3613;3747;3907;3959
AT2;AT22;AT225;610;Leibnitz;61045;Wagna ;5106;5112;5144;5184;5208;5160;5115;5229;5221;5321;5360;5368;5426;5493;5538;5737;5859;6015;6196;6349;6465;6475;6525;6524
AT2;AT22;AT225;610;Leibnitz;61049;Ehrenhausen an der Weinstraße ;2513;2493;2489;2528;2569;2556;2577;2555;2552;2561;2556;2523;2523;2575;2625;2581;2558;2544;2510;2512;2479;2453;2408;2410
AT2;AT22;AT225;610;Leibnitz;61050;Gamlitz ;3203;3189;3221;3213;3234;3226;3221;3221;3251;3246;3258;3299;3236;3235;3242;3262;3248;3207;3201;3200;3204;3212;3195;3144
AT2;AT22;AT225;610;Leibnitz;61051;Gleinstätten ;2862;2896;2897;2941;2953;2941;2952;2953;2933;2902;2869;2873;2843;2831;2822;2863;2792;2796;2774;2773;2766;2806;2810;2811
AT2;AT22;AT225;610;Leibnitz;61052;Heiligenkreuz am Waasen ;2534;2536;2538;2545;2592;2564;2575;2606;2639;2636;2640;2691;2704;2719;2758;2767;2787;2809;2825;2833;2864;2888;2920;2928
AT2;AT22;AT225;610;Leibnitz;61053;Leibnitz ;10435;10648;10717;10782;10807;10913;10978;11052;11177;11312;11367;11370;11314;11630;11916;12176;12201;12374;12437;12544;12888;13014;13362;13517
AT2;AT22;AT225;610;Leibnitz;61054;Leutschach an der Weinstraße ;4080;4032;4006;3978;3964;3953;3932;3868;3864;3820;3806;3809;3811;3778;3794;3735;3723;3676;3664;3619;3561;3543;3536;3535
AT2;AT22;AT225;610;Leibnitz;61055;Sankt Georgen an der Stiefing ;1508;1508;1533;1547;1553;1533;1529;1529;1518;1509;1521;1500;1503;1502;1492;1500;1475;1513;1551;1584;1601;1591;1602;1614
AT2;AT22;AT225;610;Leibnitz;61057;Schwarzautal ;2429;2421;2417;2421;2413;2394;2354;2337;2342;2382;2334;2298;2301;2312;2299;2323;2310;2302;2280;2306;2315;2332;2366;2361
AT2;AT22;AT225;610;Leibnitz;61059;Wildon ;4875;4861;4910;4902;4965;5016;5075;5080;5078;5066;5131;5162;5183;5217;5363;5312;5367;5423;5493;5538;5589;5738;5749;5745
AT2;AT22;AT225;610;Leibnitz;61060;Sankt Veit in der Südsteiermark;4365;4364;4342;4336;4285;4268;4274;4334;4293;4316;4289;4303;4310;4326;4312;4281;4299;4323;4324;4375;4429;4489;4462;4426
AT2;AT22;AT225;610;Leibnitz;61061;Straß in Steiermark;6083;6123;6161;6137;6124;6156;6135;6130;6096;6086;6095;6085;6151;6246;6315;6272;6260;6292;6349;6330;6308;6406;6447;6535
AT2;AT22;AT223;611;Leoben;61101;Eisenerz ;6292;6138;5962;5836;5745;5563;5414;5255;5083;4946;4802;4655;4520;4330;4291;4188;4048;3903;3806;3742;3609;3501;3439;3362
AT2;AT22;AT223;611;Leoben;61105;Kalwang ;1182;1200;1193;1170;1162;1151;1140;1117;1078;1088;1082;1063;1054;1032;1019;994;988;998;977;951;954;986;997;1040
AT2;AT22;AT223;611;Leoben;61106;Kammern im Liesingtal ;1655;1650;1662;1683;1671;1692;1729;1702;1693;1674;1654;1653;1645;1620;1623;1618;1600;1590;1588;1588;1614;1677;1673;1671
AT2;AT22;AT223;611;Leoben;61107;Kraubath an der Mur ;1346;1357;1348;1364;1361;1376;1357;1321;1310;1317;1288;1281;1277;1262;1256;1277;1283;1302;1320;1339;1326;1354;1368;1339
AT2;AT22;AT223;611;Leoben;61108;Leoben ;25766;25440;25491;25354;25361;25144;24998;24896;24657;24547;24567;24345;24466;24695;25350;24915;24645;24584;24471;24189;24414;25140;24605;24561
AT2;AT22;AT223;611;Leoben;61109;Mautern in Steiermark ;2090;2061;2020;2000;1956;1923;1922;1923;1909;1872;1816;1806;1814;1787;1791;1811;1766;1755;1750;1704;1702;1695;1667;1656
AT2;AT22;AT223;611;Leoben;61110;Niklasdorf ;2702;2681;2620;2633;2599;2583;2572;2582;2561;2549;2546;2570;2560;2556;2536;2541;2515;2410;2382;2365;2355;2331;2340;2346
AT2;AT22;AT223;611;Leoben;61111;Proleb ;1619;1629;1655;1636;1645;1646;1663;1651;1638;1597;1578;1561;1537;1557;1523;1531;1534;1550;1565;1600;1592;1585;1569;1553
AT2;AT22;AT223;611;Leoben;61112;Radmer ;789;777;765;768;743;730;719;707;680;674;655;635;618;610;589;571;559;537;521;511;498;498;485;474
AT2;AT22;AT223;611;Leoben;61113;Sankt Michael in Obersteiermark ;3286;3295;3279;3264;3255;3260;3204;3152;3114;3072;3070;3024;3040;2991;3046;3074;3060;3056;3045;3032;3065;3116;3091;3027
AT2;AT22;AT223;611;Leoben;61114;Sankt Peter-Freienstein ;2508;2461;2477;2434;2485;2486;2449;2470;2437;2425;2407;2436;2419;2380;2360;2365;2383;2366;2354;2338;2324;2329;2320;2306
AT2;AT22;AT223;611;Leoben;61115;Sankt Stefan ob Leoben ;2088;2094;2070;2054;2052;2020;2021;2014;1999;1974;1972;1963;1933;1917;1925;1917;1930;1908;1910;1878;1851;1823;1796;1816
AT2;AT22;AT223;611;Leoben;61116;Traboch ;1353;1344;1337;1351;1394;1387;1380;1398;1411;1398;1387;1380;1364;1384;1390;1383;1384;1401;1385;1417;1416;1413;1410;1417
AT2;AT22;AT223;611;Leoben;61118;Vordernberg ;1355;1341;1294;1259;1222;1196;1148;1110;1088;1080;1054;1055;1006;1018;1040;1030;1045;1018;964;953;889;953;923;945
AT2;AT22;AT223;611;Leoben;61119;Wald am Schoberpaß ;698;683;652;657;652;643;628;637;624;635;632;620;598;602;592;585;586;551;543;550;542;540;523;528
AT2;AT22;AT223;611;Leoben;61120;Trofaiach ;11716;11747;11684;11631;11533;11497;11426;11401;11401;11373;11307;11240;11190;11208;11227;11143;11125;11131;11119;10994;10980;11003;11007;11030
AT2;AT22;AT222;612;Liezen;61203;Aigen im Ennstal ;2557;2528;2508;2503;2515;2556;2560;2562;2549;2572;2570;2560;2557;2565;2620;2703;2722;2637;2682;2710;2722;2696;2715;2745
AT2;AT22;AT222;612;Liezen;61204;Altaussee ;1867;1851;1874;1895;1888;1905;1876;1861;1825;1803;1777;1784;1825;1828;1852;1879;1878;1888;1872;1879;1849;1865;1903;1913
AT2;AT22;AT222;612;Liezen;61205;Altenmarkt bei Sankt Gallen ;933;929;918;902;910;902;906;878;862;853;864;849;852;848;840;828;822;817;810;801;809;794;804;779
AT2;AT22;AT222;612;Liezen;61206;Ardning ;1238;1244;1251;1261;1231;1261;1255;1236;1215;1190;1185;1206;1197;1191;1210;1227;1239;1227;1212;1240;1283;1283;1292;1308
AT2;AT22;AT222;612;Liezen;61207;Bad Aussee ;4987;4917;4854;4834;4836;4838;4812;4841;4866;4860;4882;4857;4779;4763;4771;4798;4833;4862;4830;4911;4953;5016;5002;4988
AT2;AT22;AT222;612;Liezen;61213;Gröbming ;2512;2484;2570;2631;2693;2711;2730;2786;2778;2807;2840;2813;2803;2809;2846;2895;3013;3038;3085;3117;3112;3144;3202;3202
AT2;AT22;AT222;612;Liezen;61215;Grundlsee ;1313;1315;1319;1328;1302;1283;1273;1264;1249;1238;1241;1238;1219;1219;1223;1198;1199;1190;1179;1167;1156;1156;1161;1181
AT2;AT22;AT222;612;Liezen;61217;Haus ;2472;2447;2449;2463;2471;2471;2428;2430;2399;2397;2394;2402;2402;2399;2461;2466;2429;2427;2421;2458;2465;2429;2445;2451
AT2;AT22;AT222;612;Liezen;61222;Lassing ;1829;1812;1822;1825;1821;1796;1795;1786;1738;1696;1662;1658;1667;1690;1733;1719;1719;1722;1717;1712;1698;1698;1686;1684
AT2;AT22;AT222;612;Liezen;61236;Ramsau am Dachstein ;2706;2703;2732;2747;2731;2724;2741;2738;2756;2748;2765;2795;2766;2765;2767;2813;2812;2800;2798;2792;2861;2917;2917;2910
AT2;AT22;AT222;612;Liezen;61243;Selzthal ;1934;1917;1913;1887;1848;1806;1764;1757;1739;1705;1676;1658;1641;1644;1638;1602;1593;1551;1530;1544;1512;1502;1498;1476
AT2;AT22;AT222;612;Liezen;61247;Trieben ;3826;3768;3738;3743;3712;3679;3635;3602;3521;3470;3430;3378;3353;3368;3406;3395;3390;3387;3364;3329;3344;3312;3306;3297
AT2;AT22;AT222;612;Liezen;61251;Wildalpen ;598;602;598;590;578;571;573;569;556;538;526;513;500;501;480;468;464;466;451;447;438;437;434;432
AT2;AT22;AT222;612;Liezen;61252;Wörschach ;1189;1188;1191;1165;1176;1182;1167;1167;1167;1173;1159;1174;1165;1134;1120;1111;1122;1139;1140;1161;1150;1174;1187;1226
AT2;AT22;AT222;612;Liezen;61253;Admont ;5393;5339;5299;5280;5284;5270;5247;5184;5108;5102;5016;4985;4988;5009;5065;5049;5010;4957;4974;4954;4957;4991;4906;4910
AT2;AT22;AT222;612;Liezen;61254;Aich ;1123;1149;1148;1156;1155;1168;1177;1198;1200;1197;1201;1209;1205;1215;1270;1300;1294;1289;1297;1319;1315;1306;1313;1322
AT2;AT22;AT222;612;Liezen;61255;Bad Mitterndorf ;4997;4896;4816;4818;4813;4830;4776;4793;4814;4841;4869;4833;4875;4912;4934;4933;4962;4941;4920;4940;4930;4946;4935;4964
AT2;AT22;AT222;612;Liezen;61256;Gaishorn am See ;1464;1473;1463;1468;1466;1453;1438;1417;1436;1420;1374;1363;1363;1336;1314;1288;1333;1305;1300;1289;1312;1356;1340;1356
AT2;AT22;AT222;612;Liezen;61257;Irdning-Donnersbachtal ;4151;4108;4104;4117;4120;4124;4127;4130;4131;4158;4164;4164;4148;4130;4098;4107;4135;4137;4122;4147;4132;4142;4202;4173
AT2;AT22;AT222;612;Liezen;61258;Landl ;3423;3385;3326;3276;3237;3192;3128;3135;3123;3056;3011;2980;2943;2876;2818;2754;2720;2723;2685;2618;2562;2557;2510;2474
AT2;AT22;AT222;612;Liezen;61259;Liezen ;8075;8094;8066;8106;8133;8113;8118;8043;7965;7940;7960;7919;7982;8052;8091;8181;8191;8240;8266;8196;8245;8251;8211;8147
AT2;AT22;AT222;612;Liezen;61260;Michaelerberg-Pruggern  ;1168;1167;1172;1184;1197;1198;1177;1175;1176;1151;1162;1169;1174;1145;1155;1174;1188;1164;1157;1193;1207;1227;1262;1271
AT2;AT22;AT222;612;Liezen;61261;Mitterberg-Sankt Martin;1834;1880;1868;1874;1875;1865;1881;1875;1902;1903;1927;1926;1931;1934;1934;1924;1933;1945;1929;1912;1917;1946;1954;1975
AT2;AT22;AT222;612;Liezen;61262;Öblarn ;2042;2014;2021;1965;1980;1991;1998;1981;1998;2026;2036;2049;2045;2023;2008;2015;2024;2002;2035;2010;1984;1966;1915;1891
AT2;AT22;AT222;612;Liezen;61263;Rottenmann ;5670;5638;5613;5596;5593;5577;5536;5466;5447;5366;5328;5308;5283;5239;5224;5250;5232;5217;5160;5111;5125;5118;5027;4960
AT2;AT22;AT222;612;Liezen;61264;Sankt Gallen ;2082;2050;2045;2044;2027;2019;1975;1973;1948;1919;1922;1908;1879;1851;1841;1846;1821;1821;1798;1788;1786;1801;1803;1797
AT2;AT22;AT222;612;Liezen;61265;Schladming ;6843;6825;6819;6813;6766;6733;6709;6811;6807;6781;6686;6657;6676;6716;6782;6715;6660;6656;6600;6576;6538;6553;6548;6572
AT2;AT22;AT222;612;Liezen;61266;Sölk ;1639;1639;1643;1635;1631;1632;1609;1590;1567;1582;1565;1560;1557;1544;1519;1517;1494;1508;1498;1478;1481;1475;1489;1461
AT2;AT22;AT222;612;Liezen;61267;Stainach-Pürgg ;3012;3006;2992;2986;2951;2976;2967;2949;2938;2916;2874;2865;2848;2868;2840;2856;2850;2845;2820;2793;2766;2773;2711;2714
AT2;AT22;AT226;614;Murau;61410;Mühlen ;1030;1031;1022;1005;995;981;974;957;951;936;932;918;904;885;882;869;882;878;883;881;886;868;865;864
AT2;AT22;AT226;614;Murau;61413;Niederwölz ;617;598;605;609;613;623;600;619;613;627;598;608;617;600;594;595;596;602;584;602;591;601;602;597
AT2;AT22;AT226;614;Murau;61425;St. Peter am Kammersberg;2198;2181;2178;2194;2168;2173;2164;2167;2131;2121;2093;2100;2063;2087;2076;2069;2043;2060;2045;2028;2002;1993;1973;1978
AT2;AT22;AT226;614;Murau;61428;Schöder ;1102;1092;1097;1082;1074;1070;1053;1051;1058;1026;1014;999;981;990;981;971;942;940;929;933;917;884;883;865
AT2;AT22;AT226;614;Murau;61437;Krakau;1572;1580;1570;1565;1545;1545;1542;1548;1531;1517;1504;1502;1495;1461;1444;1444;1419;1390;1390;1385;1383;1365;1354;1355
AT2;AT22;AT226;614;Murau;61438;Murau ;4080;4058;4027;3940;3892;3890;3884;3852;3782;3735;3735;3759;3758;3718;3689;3633;3629;3551;3499;3467;3432;3448;3365;3330
AT2;AT22;AT226;614;Murau;61439;Neumarkt in der Steiermark ;5518;5461;5470;5441;5479;5449;5395;5331;5300;5256;5207;5151;5072;5069;5070;5026;4963;4907;4891;4876;4866;4920;4875;4805
AT2;AT22;AT226;614;Murau;61440;Oberwölz ;3342;3295;3250;3232;3237;3237;3197;3174;3161;3103;3108;3087;3049;3007;3005;2980;2960;2936;2934;2950;2939;2959;2922;2917
AT2;AT22;AT226;614;Murau;61441;Ranten ;1270;1265;1271;1263;1262;1267;1251;1226;1214;1204;1205;1201;1184;1197;1176;1168;1161;1164;1155;1145;1130;1125;1139;1115
AT2;AT22;AT226;614;Murau;61442;Sankt Georgen am Kreischberg;1943;1933;1931;1940;1913;1893;1868;1864;1862;1849;1853;1835;1851;1810;1805;1794;1766;1765;1741;1715;1703;1694;1680;1666
AT2;AT22;AT226;614;Murau;61443;Sankt Lambrecht ;2364;2309;2257;2241;2226;2184;2170;2128;2095;2069;2014;1981;1948;1919;1914;1891;1841;1807;1787;1766;1742;1827;1791;1784
AT2;AT22;AT226;614;Murau;61444;Scheifling ;2325;2280;2251;2264;2257;2240;2223;2187;2172;2177;2157;2158;2186;2172;2172;2125;2134;2113;2138;2144;2142;2158;2145;2117
AT2;AT22;AT226;614;Murau;61445;Stadl-Predlitz;2015;1945;1937;1934;1924;1912;1895;1843;1853;1841;1849;1800;1790;1718;1710;1688;1684;1660;1679;1683;1665;1643;1655;1672
AT2;AT22;AT226;614;Murau;61446;Teufenbach-Katsch  ;1925;1944;1960;1949;1925;1953;1953;1909;1893;1888;1897;1840;1842;1857;1872;1911;1899;1886;1888;1874;1854;1829;1813;1833
AT2;AT22;AT225;616;Voitsberg;61611;Krottendorf-Gaisfeld ;2299;2315;2356;2364;2374;2392;2397;2366;2384;2406;2438;2468;2433;2417;2433;2458;2463;2477;2451;2459;2465;2473;2448;2416
AT2;AT22;AT225;616;Voitsberg;61612;Ligist ;3212;3217;3252;3215;3229;3216;3215;3228;3227;3230;3234;3198;3207;3228;3279;3255;3275;3255;3222;3205;3255;3245;3218;3232
AT2;AT22;AT225;616;Voitsberg;61615;Mooskirchen ;1979;1992;1975;1977;1961;1972;2009;2047;2067;2073;2068;2094;2106;2188;2212;2203;2207;2198;2207;2198;2185;2194;2191;2226
AT2;AT22;AT225;616;Voitsberg;61618;Rosental an der Kainach ;1747;1741;1748;1729;1763;1759;1733;1735;1719;1709;1699;1684;1687;1680;1728;1671;1678;1684;1679;1650;1575;1666;1721;1682
AT2;AT22;AT225;616;Voitsberg;61621;Sankt Martin am Wöllmißberg ;909;891;879;887;869;849;862;850;840;825;828;817;811;810;813;783;790;805;818;811;807;808;790;790
AT2;AT22;AT225;616;Voitsberg;61624;Stallhofen ;3031;3038;3057;3069;3053;3057;3090;3119;3160;3162;3159;3133;3130;3128;3095;3129;3118;3108;3152;3139;3183;3193;3211;3257
AT2;AT22;AT225;616;Voitsberg;61625;Voitsberg ;10061;10007;9972;9932;9906;9855;9751;9757;9724;9666;9602;9558;9535;9437;9473;9405;9403;9400;9419;9391;9455;9538;9617;9547
AT2;AT22;AT225;616;Voitsberg;61626;Bärnbach ;5320;5401;5425;5492;5551;5579;5598;5625;5600;5633;5603;5630;5591;5631;5697;5678;5642;5631;5658;5722;5778;5775;5816;5894
AT2;AT22;AT225;616;Voitsberg;61627;Edelschrott ;1972;1935;1922;1900;1913;1906;1910;1895;1874;1843;1831;1801;1787;1773;1767;1754;1735;1720;1715;1680;1659;1634;1632;1640
AT2;AT22;AT225;616;Voitsberg;61628;Geistthal-Södingberg  ;1817;1799;1790;1808;1806;1769;1736;1739;1726;1675;1669;1644;1630;1617;1589;1555;1532;1514;1496;1487;1489;1457;1449;1425
AT2;AT22;AT225;616;Voitsberg;61629;Hirschegg-Pack ;1260;1226;1228;1228;1186;1157;1143;1123;1127;1118;1097;1084;1067;1049;1054;1037;1022;1017;1013;1017;994;1006;1004;1004
AT2;AT22;AT225;616;Voitsberg;61630;Kainach bei Voitsberg ;1863;1870;1850;1855;1830;1814;1782;1763;1748;1728;1691;1692;1671;1679;1680;1647;1628;1598;1612;1603;1599;1589;1555;1510
AT2;AT22;AT225;616;Voitsberg;61631;Köflach ;11104;11017;10998;10922;10745;10640;10547;10472;10330;10236;10202;10138;10042;10093;10094;9999;9888;9855;9726;9689;9673;9639;9601;9489
AT2;AT22;AT225;616;Voitsberg;61632;Maria Lankowitz ;3259;3230;3182;3129;3126;3112;3089;3030;2980;2963;2934;2887;2921;2923;2895;2923;2858;2817;2771;2751;2759;2750;2692;2703
AT2;AT22;AT225;616;Voitsberg;61633;Söding-Sankt Johann ;3587;3598;3620;3695;3758;3796;3824;3889;3919;3913;3943;3950;3981;4049;4042;4139;4091;4082;4105;4145;4163;4272;4324;4357
AT2;AT22;AT224;617;Weiz;61701;Albersdorf-Prebuch ;1725;1763;1774;1820;1855;1882;1940;1969;1979;1978;1988;1996;2000;1999;2028;2035;2037;2160;2206;2250;2269;2295;2268;2288
AT2;AT22;AT224;617;Weiz;61708;Fischbach ;1621;1614;1629;1656;1651;1637;1627;1617;1590;1577;1564;1530;1526;1505;1505;1508;1528;1526;1524;1530;1524;1511;1501;1493
AT2;AT22;AT224;617;Weiz;61710;Floing ;1207;1206;1199;1209;1233;1246;1247;1249;1217;1209;1201;1212;1209;1205;1200;1194;1195;1204;1204;1189;1209;1220;1213;1199
AT2;AT22;AT224;617;Weiz;61711;Gasen ;1015;994;963;964;953;943;939;940;933;936;933;931;942;944;920;918;915;899;891;883;872;861;854;848
AT2;AT22;AT224;617;Weiz;61716;Markt Hartmannsdorf ;2866;2857;2895;2912;2933;2960;2943;2922;2941;2937;2947;2963;2982;2981;2971;2962;2950;2945;2946;2952;2967;2966;2996;2997
AT2;AT22;AT224;617;Weiz;61719;Hofstätten an der Raab ;1818;1823;1795;1818;1837;1875;1877;1935;1987;2040;2044;2079;2117;2141;2170;2207;2253;2315;2310;2313;2329;2380;2379;2368
AT2;AT22;AT224;617;Weiz;61727;Ludersdorf-Wilfersdorf ;1774;1784;1827;1842;1897;1897;1936;1957;1986;2023;2038;2078;2176;2219;2230;2293;2397;2456;2463;2515;2514;2543;2555;2581
AT2;AT22;AT224;617;Weiz;61728;Miesenbach bei Birkfeld ;755;751;746;743;737;742;746;741;749;749;742;743;742;724;710;698;696;689;678;673;659;661;662;666
AT2;AT22;AT224;617;Weiz;61729;Mitterdorf an der Raab ;1977;1983;1993;2014;2017;2059;2054;2071;2080;2059;2073;2069;2091;2078;2073;2060;2056;2100;2101;2118;2130;2156;2137;2140
AT2;AT22;AT224;617;Weiz;61730;Mortantsch ;1946;1956;1942;1962;1986;1980;2007;2026;2038;2008;2008;2047;2032;2081;2116;2117;2182;2162;2184;2213;2231;2268;2273;2269
AT2;AT22;AT224;617;Weiz;61731;Naas ;1407;1425;1411;1411;1404;1438;1441;1410;1405;1396;1386;1403;1390;1419;1394;1357;1377;1371;1351;1343;1340;1359;1334;1321
AT2;AT22;AT224;617;Weiz;61740;Puch bei Weiz ;2176;2142;2139;2166;2145;2132;2128;2109;2119;2096;2098;2090;2085;2072;2068;2095;2091;2066;2042;2055;2046;2042;2035;2049
AT2;AT22;AT224;617;Weiz;61741;Ratten ;1263;1234;1199;1221;1215;1218;1194;1193;1166;1166;1185;1181;1179;1180;1177;1168;1122;1123;1103;1078;1073;1093;1095;1087
AT2;AT22;AT224;617;Weiz;61743;Rettenegg ;791;796;782;778;772;769;767;760;764;766;760;754;749;769;754;749;741;722;712;713;704;689;701;688
AT2;AT22;AT224;617;Weiz;61744;St. Kathrein am Hauenstein;730;731;729;730;716;711;694;689;682;688;679;671;676;682;684;647;633;634;633;627;622;627;606;613
AT2;AT22;AT224;617;Weiz;61745;Sankt Kathrein am Offenegg ;1203;1195;1203;1218;1207;1187;1175;1171;1155;1148;1148;1126;1136;1118;1081;1082;1086;1078;1073;1065;1061;1062;1063;1068
AT2;AT22;AT224;617;Weiz;61746;St. Margarethen an der Raab;3662;3679;3652;3663;3723;3714;3748;3773;3801;3890;3915;3917;3954;3989;4002;4071;4074;4100;4110;4123;4158;4212;4209;4199
AT2;AT22;AT224;617;Weiz;61748;Sinabelkirchen ;3827;3855;3854;3859;3855;3893;3941;3972;3990;3993;4046;4082;4081;4134;4165;4196;4223;4263;4279;4408;4454;4487;4485;4491
AT2;AT22;AT224;617;Weiz;61750;Strallegg ;2029;2018;2015;2021;2001;1998;1996;1986;1981;1982;2001;1987;1951;1929;1944;1957;1925;1914;1917;1910;1903;1903;1903;1904
AT2;AT22;AT224;617;Weiz;61751;Thannhausen ;2275;2258;2270;2365;2356;2370;2350;2374;2375;2341;2356;2329;2362;2376;2404;2448;2429;2439;2447;2475;2492;2492;2467;2427
AT2;AT22;AT224;617;Weiz;61756;Anger ;4439;4415;4367;4366;4321;4302;4270;4235;4192;4207;4185;4161;4126;4141;4159;4165;4098;4048;3995;3938;3961;4029;3988;3992
AT2;AT22;AT224;617;Weiz;61757;Birkfeld ;5503;5489;5483;5403;5393;5352;5298;5230;5228;5225;5187;5146;5139;5119;5100;5050;4992;4969;4958;4928;4972;4984;4975;4941
AT2;AT22;AT224;617;Weiz;61758;Fladnitz an der Teichalm ;1786;1783;1795;1823;1826;1819;1820;1821;1840;1844;1846;1843;1836;1820;1803;1806;1792;1796;1790;1807;1784;1803;1797;1799
AT2;AT22;AT224;617;Weiz;61759;Gersdorf an der Feistritz ;1723;1688;1706;1690;1716;1713;1702;1688;1676;1669;1680;1688;1681;1685;1678;1678;1699;1700;1699;1703;1759;1754;1755;1745
AT2;AT22;AT224;617;Weiz;61760;Gleisdorf ;9037;9159;9298;9325;9306;9369;9455;9559;9681;9781;9931;10037;10067;10278;10452;10710;10763;10777;10926;11072;11200;11362;11525;11533
AT2;AT22;AT224;617;Weiz;61761;Gutenberg;1552;1569;1592;1596;1588;1578;1558;1557;1571;1589;1592;1566;1574;1573;1566;1579;1604;1609;1623;1618;1630;1636;1654;1641
AT2;AT22;AT224;617;Weiz;61762;Ilztal ;2103;2116;2113;2122;2106;2119;2088;2111;2106;2125;2131;2149;2148;2143;2112;2108;2148;2153;2180;2150;2190;2187;2199;2243
AT2;AT22;AT224;617;Weiz;61763;Passail ;4624;4617;4610;4610;4578;4561;4520;4498;4513;4532;4539;4496;4497;4483;4477;4459;4430;4412;4414;4414;4428;4417;4379;4366
AT2;AT22;AT224;617;Weiz;61764;Pischelsdorf am Kulm;3553;3568;3526;3558;3547;3559;3614;3584;3564;3581;3595;3647;3667;3630;3632;3675;3712;3689;3679;3669;3687;3749;3862;3898
AT2;AT22;AT224;617;Weiz;61765;Sankt Ruprecht an der Raab ;4615;4688;4676;4678;4702;4650;4694;4684;4698;4685;4710;4817;4927;4969;5098;5260;5300;5323;5419;5428;5551;5673;5668;5681
AT2;AT22;AT224;617;Weiz;61766;Weiz ;11026;11106;11084;10997;11026;11084;11105;11109;11084;11214;11279;11282;11302;11316;11431;11508;11627;11701;11797;11756;11791;11952;11993;12116
AT2;AT22;AT226;620;Murtal;62007;Fohnsdorf ;8372;8270;8280;8312;8262;8214;8132;8043;8008;8017;7883;7906;7813;7770;7743;7715;7693;7672;7657;7611;7558;7566;7585;7662
AT2;AT22;AT226;620;Murtal;62008;Gaal ;1496;1481;1475;1453;1435;1414;1417;1404;1408;1417;1433;1445;1453;1428;1395;1388;1376;1378;1351;1334;1318;1329;1321;1301
AT2;AT22;AT226;620;Murtal;62010;Hohentauern ;536;542;523;533;543;535;512;497;458;450;458;441;434;433;432;414;408;394;388;391;380;382;374;372
AT2;AT22;AT226;620;Murtal;62014;Kobenz ;1629;1636;1690;1717;1763;1800;1788;1813;1788;1851;1839;1835;1830;1839;1802;1834;1864;1902;1907;1923;1931;1970;2082;2091
AT2;AT22;AT226;620;Murtal;62021;Pusterwald ;551;530;519;517;514;508;505;498;495;482;486;488;485;478;474;464;450;450;436;430;430;433;430;426
AT2;AT22;AT226;620;Murtal;62026;Sankt Georgen ob Judenburg ;937;937;942;942;929;934;927;914;908;885;883;867;875;870;851;843;850;843;831;859;860;842;841;823
AT2;AT22;AT226;620;Murtal;62032;Sankt Peter ob Judenburg ;1149;1159;1162;1166;1172;1158;1135;1124;1110;1112;1109;1073;1072;1108;1118;1110;1108;1087;1078;1076;1069;1125;1148;1119
AT2;AT22;AT226;620;Murtal;62034;Seckau ;1292;1269;1258;1260;1273;1277;1276;1279;1272;1259;1264;1279;1285;1303;1282;1279;1281;1283;1301;1302;1308;1327;1322;1326
AT2;AT22;AT226;620;Murtal;62036;Unzmarkt-Frauenburg ;1588;1568;1549;1517;1476;1459;1429;1416;1408;1380;1373;1375;1393;1378;1358;1362;1346;1322;1302;1259;1270;1272;1260;1274
AT2;AT22;AT226;620;Murtal;62038;Zeltweg ;7790;7791;7813;7737;7644;7509;7507;7396;7250;7294;7163;7180;7303;7329;7407;7307;7212;7066;6990;7039;6962;7114;7076;6993
AT2;AT22;AT226;620;Murtal;62039;Lobmingtal;1762;1758;1812;1851;1856;1816;1826;1822;1866;1839;1840;1849;1846;1803;1824;1842;1852;1859;1839;1842;1860;1830;1818;1820
AT2;AT22;AT226;620;Murtal;62040;Judenburg ;11111;10954;10794;10747;10657;10493;10437;10419;10414;10269;10255;10225;10141;10072;10195;10063;9960;9899;9853;9631;9557;9614;9691;9607
AT2;AT22;AT226;620;Murtal;62041;Knittelfeld ;13840;13686;13460;13300;13159;13040;12874;12905;12828;12683;12664;12610;12446;12546;12668;12658;12626;12623;12597;12574;12603;12781;12719;12870
AT2;AT22;AT226;620;Murtal;62042;Obdach ;4115;4103;4089;4110;4078;4065;4026;4012;3986;3990;3946;3905;3876;3875;3841;3823;3810;3758;3760;3747;3783;3781;3783;3788
AT2;AT22;AT226;620;Murtal;62043;Pöls-Oberkurzheim  ;3509;3484;3492;3446;3437;3413;3362;3283;3235;3163;3135;3079;3061;3047;3030;3002;2969;2971;2961;2944;2922;2868;2793;2762
AT2;AT22;AT226;620;Murtal;62044;Pölstal;3036;3044;3038;2985;2964;2957;2931;2906;2859;2830;2829;2779;2768;2744;2785;2710;2670;2604;2595;2556;2515;2568;2536;2515
AT2;AT22;AT226;620;Murtal;62045;Sankt Marein-Feistritz;1801;1803;1835;1858;1902;1897;1940;1952;1955;1934;1993;1997;2034;2026;2044;2040;2010;2005;2036;2039;2057;2032;2026;1995
AT2;AT22;AT226;620;Murtal;62046;Sankt Margarethen bei Knittelfeld ;2864;2856;2879;2866;2824;2824;2825;2815;2760;2740;2727;2708;2715;2705;2746;2768;2750;2703;2687;2651;2665;2650;2625;2666
AT2;AT22;AT226;620;Murtal;62047;Spielberg ;5055;5088;5107;5137;5225;5273;5307;5310;5296;5321;5313;5339;5295;5293;5300;5310;5383;5387;5353;5361;5350;5348;5349;5351
AT2;AT22;AT226;620;Murtal;62048;Weißkirchen in Steiermark ;5043;5099;5071;5113;5143;5117;5101;5086;5052;5006;5017;4963;4916;4883;4855;4910;4853;4798;4776;4787;4847;4825;4801;4755
AT2;AT22;AT223;621;Bruck-Mürzzuschlag;62105;Breitenau am Hochlantsch ;2082;2034;2014;1990;1977;1944;1923;1884;1851;1837;1802;1787;1761;1749;1737;1720;1706;1680;1646;1631;1602;1597;1577;1561
AT2;AT22;AT223;621;Bruck-Mürzzuschlag;62115;Krieglach ;5157;5092;5111;5149;5149;5144;5148;5214;5226;5186;5168;5156;5198;5133;5221;5294;5305;5321;5356;5329;5371;5403;5404;5438
AT2;AT22;AT223;621;Bruck-Mürzzuschlag;62116;Langenwang ;4072;4067;4091;4118;4102;4061;4057;4047;4049;4030;3997;3960;3926;3930;3925;3868;3868;3867;3902;3886;3877;3872;3901;3902
AT2;AT22;AT223;621;Bruck-Mürzzuschlag;62125;Pernegg an der Mur ;2534;2505;2464;2427;2427;2408;2398;2394;2381;2377;2393;2379;2345;2347;2337;2378;2356;2341;2364;2408;2493;2548;2586;2572
AT2;AT22;AT223;621;Bruck-Mürzzuschlag;62128;Sankt Lorenzen im Mürztal ;3231;3250;3284;3343;3327;3355;3366;3433;3410;3466;3497;3496;3521;3521;3561;3607;3626;3610;3703;3674;3722;3784;3775;3766
AT2;AT22;AT223;621;Bruck-Mürzzuschlag;62131;Spital am Semmering ;1834;1785;1754;1738;1707;1665;1669;1669;1613;1596;1612;1581;1577;1770;1748;1550;1595;1446;1435;1444;1745;1783;1699;1424
AT2;AT22;AT223;621;Bruck-Mürzzuschlag;62132;Stanz im Mürztal ;2056;2037;2026;2001;1999;1970;1937;1930;1941;1934;1920;1882;1857;1849;1835;1829;1827;1844;1855;1836;1821;1807;1781;1769
AT2;AT22;AT223;621;Bruck-Mürzzuschlag;62135;Turnau ;1609;1652;1633;1651;1630;1633;1606;1597;1569;1584;1564;1562;1549;1549;1524;1539;1561;1597;1604;1592;1571;1556;1538;1553
AT2;AT22;AT223;621;Bruck-Mürzzuschlag;62138;Aflenz ;2728;2615;2729;2678;2649;2534;2523;2550;2528;2510;2484;2455;2445;2428;2421;2427;2417;2436;2440;2454;2442;2431;2461;2445
AT2;AT22;AT223;621;Bruck-Mürzzuschlag;62139;Bruck an der Mur ;16350;16339;16314;16247;16265;16244;16163;15961;15872;15772;15631;15646;15730;15804;15891;15850;15885;15837;15787;15650;15720;15970;15750;15735
AT2;AT22;AT223;621;Bruck-Mürzzuschlag;62140;Kapfenberg ;23866;23773;23630;23725;23773;23694;23598;23599;23502;23491;23380;23314;23235;23188;23067;23004;22798;22753;22609;22380;22138;22182;22080;21907
AT2;AT22;AT223;621;Bruck-Mürzzuschlag;62141;Kindberg ;8835;8785;8769;8648;8672;8682;8632;8568;8525;8419;8345;8281;8243;8249;8125;8130;8047;8148;8150;8118;8197;8183;8399;8149
AT2;AT22;AT223;621;Bruck-Mürzzuschlag;62142;Mariazell ;4726;4651;4611;4575;4482;4409;4376;4339;4244;4149;4119;4069;3997;3963;3910;3886;3813;3722;3669;3626;3618;3718;3623;3547
AT2;AT22;AT223;621;Bruck-Mürzzuschlag;62143;Mürzzuschlag ;9906;9837;9716;9614;9602;9566;9451;9332;9180;9089;9004;8884;8814;8813;8681;8592;8654;8525;8347;8227;8156;8047;7919;7819
AT2;AT22;AT223;621;Bruck-Mürzzuschlag;62144;Neuberg an der Mürz ;3143;3144;3157;3080;3060;2974;2911;2928;2914;2854;2867;2854;2805;2795;2728;2618;2494;2448;2380;2346;2356;2334;2301;2249
AT2;AT22;AT223;621;Bruck-Mürzzuschlag;62145;Sankt Barbara im Mürztal;7830;7730;7652;7555;7485;7345;7231;7124;7122;7052;6997;6902;6834;6795;6727;6637;6583;6586;6589;6572;6517;6518;6444;6412
AT2;AT22;AT223;621;Bruck-Mürzzuschlag;62146;Sankt Marein im Mürztal ;2526;2515;2526;2520;2556;2569;2708;2685;2698;2701;2681;2664;2704;2672;2676;2707;2713;2692;2766;2804;2871;2816;2875;2879
AT2;AT22;AT223;621;Bruck-Mürzzuschlag;62147;Thörl ;2753;2725;2701;2683;2628;2596;2541;2496;2475;2439;2435;2405;2362;2342;2342;2311;2295;2267;2253;2233;2207;2200;2169;2159
AT2;AT22;AT223;621;Bruck-Mürzzuschlag;62148;Tragöß-Sankt Katharein ;2310;2265;2266;2209;2191;2154;2131;2087;2040;2010;1986;1968;1952;1921;1893;1887;1894;1864;1842;1844;1818;1785;1762;1791
AT2;AT22;AT224;622;Hartberg-Fürstenfeld;62202;Bad Blumau ;1515;1534;1549;1576;1590;1609;1606;1615;1620;1606;1618;1590;1595;1592;1628;1624;1641;1631;1615;1633;1584;1637;1674;1672
AT2;AT22;AT224;622;Hartberg-Fürstenfeld;62205;Buch-St. Magdalena;2158;2161;2158;2169;2154;2125;2121;2113;2143;2147;2164;2148;2156;2166;2174;2175;2171;2172;2145;2157;2184;2183;2184;2195
AT2;AT22;AT224;622;Hartberg-Fürstenfeld;62206;Burgau ;1031;1011;1007;1012;1008;1003;990;980;999;997;991;1030;1066;1064;1072;1051;1040;1058;1041;1050;1063;1083;1090;1087
AT2;AT22;AT224;622;Hartberg-Fürstenfeld;62209;Ebersdorf ;1163;1171;1165;1180;1192;1212;1213;1217;1214;1235;1227;1234;1229;1244;1247;1257;1275;1280;1306;1285;1282;1282;1303;1304
AT2;AT22;AT224;622;Hartberg-Fürstenfeld;62211;Friedberg ;2637;2624;2603;2605;2613;2605;2630;2600;2583;2584;2572;2562;2582;2568;2598;2576;2601;2613;2641;2623;2652;2643;2657;2677
AT2;AT22;AT224;622;Hartberg-Fürstenfeld;62214;Greinbach ;1801;1836;1837;1842;1841;1846;1806;1779;1770;1770;1774;1756;1783;1802;1829;1800;1795;1804;1820;1820;1893;1871;1884;1856
AT2;AT22;AT224;622;Hartberg-Fürstenfeld;62216;Großsteinbach ;1358;1352;1356;1365;1382;1358;1359;1336;1333;1331;1324;1317;1285;1297;1260;1256;1248;1266;1269;1286;1282;1306;1303;1297
AT2;AT22;AT224;622;Hartberg-Fürstenfeld;62219;Hartberg ;6530;6578;6568;6578;6633;6634;6634;6637;6598;6598;6538;6445;6449;6527;6534;6561;6650;6687;6795;6794;6774;6764;6713;6725
AT2;AT22;AT224;622;Hartberg-Fürstenfeld;62220;Hartberg Umgebung ;2105;2092;2164;2169;2169;2151;2146;2171;2140;2118;2145;2175;2226;2215;2243;2243;2248;2226;2179;2185;2199;2237;2238;2216
AT2;AT22;AT224;622;Hartberg-Fürstenfeld;62226;Lafnitz ;1423;1413;1415;1427;1413;1413;1403;1427;1413;1403;1387;1402;1420;1437;1448;1472;1451;1445;1453;1466;1459;1487;1464;1451
AT2;AT22;AT224;622;Hartberg-Fürstenfeld;62232;Ottendorf an der Rittschein ;1436;1478;1480;1489;1489;1513;1544;1510;1515;1519;1501;1503;1525;1537;1562;1559;1560;1562;1555;1569;1595;1596;1593;1612
AT2;AT22;AT224;622;Hartberg-Fürstenfeld;62233;Pinggau ;3068;3056;3134;3102;3121;3098;3114;3104;3085;3105;3082;3102;3126;3196;3200;3180;3150;3164;3138;3131;3135;3128;3094;3081
AT2;AT22;AT224;622;Hartberg-Fürstenfeld;62235;Pöllauberg ;2216;2213;2240;2235;2250;2216;2197;2167;2143;2092;2098;2109;2127;2115;2095;2069;2049;2050;2040;2047;2030;2011;1999;1967
AT2;AT22;AT224;622;Hartberg-Fürstenfeld;62242;Sankt Jakob im Walde ;1138;1131;1123;1119;1110;1100;1117;1103;1092;1068;1070;1083;1071;1065;1050;1044;1056;1049;1043;1037;1028;1008;1012;1021
AT2;AT22;AT224;622;Hartberg-Fürstenfeld;62244;Sankt Johann in der Haide ;1913;1969;1953;1948;1985;1969;2004;2024;2013;1998;1991;2020;2043;2119;2111;2143;2159;2156;2194;2184;2227;2251;2265;2321
AT2;AT22;AT224;622;Hartberg-Fürstenfeld;62245;Sankt Lorenzen am Wechsel ;1734;1696;1701;1681;1667;1647;1623;1625;1608;1598;1570;1571;1548;1529;1501;1502;1487;1480;1454;1432;1419;1420;1418;1416
AT2;AT22;AT224;622;Hartberg-Fürstenfeld;62247;Schäffern ;1498;1478;1509;1474;1498;1487;1482;1472;1468;1439;1454;1451;1409;1437;1428;1401;1374;1373;1349;1343;1340;1346;1332;1342
AT2;AT22;AT224;622;Hartberg-Fürstenfeld;62256;Stubenberg ;2223;2219;2236;2234;2236;2244;2281;2273;2333;2313;2318;2297;2278;2288;2254;2172;2171;2216;2198;2196;2205;2244;2231;2224
AT2;AT22;AT224;622;Hartberg-Fürstenfeld;62262;Wenigzell ;1544;1533;1540;1534;1502;1470;1467;1463;1437;1422;1420;1415;1422;1435;1419;1403;1391;1398;1387;1404;1397;1403;1400;1370
AT2;AT22;AT224;622;Hartberg-Fürstenfeld;62264;Bad Waltersdorf ;3504;3532;3525;3557;3573;3579;3617;3641;3671;3672;3696;3686;3704;3706;3780;3803;3790;3809;3834;3897;3929;3897;3948;3978
AT2;AT22;AT224;622;Hartberg-Fürstenfeld;62265;Dechantskirchen ;2151;2134;2163;2143;2142;2142;2127;2100;2074;2058;2038;2037;2042;2033;2050;2033;2042;2042;2011;2004;2017;2005;2011;2005
AT2;AT22;AT224;622;Hartberg-Fürstenfeld;62266;Feistritztal;2356;2363;2368;2366;2401;2382;2370;2390;2398;2372;2399;2408;2404;2407;2432;2464;2417;2406;2399;2402;2425;2380;2367;2324
AT2;AT22;AT224;622;Hartberg-Fürstenfeld;62268;Grafendorf bei Hartberg ;3212;3186;3159;3170;3170;3171;3177;3168;3172;3171;3166;3124;3145;3152;3124;3125;3082;3091;3161;3139;3189;3235;3257;3247
AT2;AT22;AT224;622;Hartberg-Fürstenfeld;62269;Großwilfersdorf ;2130;2113;2118;2127;2126;2092;2096;2090;2063;2039;2046;2040;2017;2032;2080;2114;2071;2070;2079;2096;2109;2137;2115;2103
AT2;AT22;AT224;622;Hartberg-Fürstenfeld;62270;Hartl ;2149;2127;2129;2148;2163;2172;2159;2147;2137;2123;2138;2157;2133;2106;2114;2135;2130;2117;2106;2127;2117;2123;2111;2119
AT2;AT22;AT224;622;Hartberg-Fürstenfeld;62271;Ilz ;3734;3698;3733;3732;3759;3773;3747;3758;3739;3712;3668;3669;3693;3705;3719;3720;3736;3762;3779;3753;3731;3754;3778;3842
AT2;AT22;AT224;622;Hartberg-Fürstenfeld;62272;Kaindorf ;2719;2722;2746;2726;2734;2744;2755;2754;2750;2806;2796;2784;2810;2853;2866;2954;2935;2964;2994;3001;3022;3022;3003;3030
AT2;AT22;AT224;622;Hartberg-Fürstenfeld;62273;Bad Loipersdorf;1862;1891;1883;1866;1885;1883;1851;1834;1870;1866;1871;1891;1900;1880;1860;1895;1876;1871;1843;1816;1818;1831;1807;1823
AT2;AT22;AT224;622;Hartberg-Fürstenfeld;62274;Neudau ;1472;1479;1506;1524;1541;1502;1498;1478;1455;1437;1442;1447;1445;1467;1458;1459;1495;1502;1490;1474;1496;1536;1542;1511
AT2;AT22;AT224;622;Hartberg-Fürstenfeld;62275;Pöllau ;6325;6339;6312;6345;6266;6268;6234;6211;6157;6157;6143;6154;6072;6050;6041;6057;6054;6014;5930;5942;5958;5958;5931;5890
AT2;AT22;AT224;622;Hartberg-Fürstenfeld;62276;Rohr bei Hartberg ;1488;1461;1445;1446;1464;1497;1473;1487;1467;1474;1453;1465;1482;1463;1473;1452;1457;1457;1443;1444;1405;1415;1404;1397
AT2;AT22;AT224;622;Hartberg-Fürstenfeld;62277;Rohrbach an der Lafnitz ;2882;2849;2833;2814;2798;2814;2814;2785;2783;2804;2782;2745;2720;2676;2703;2657;2634;2642;2639;2643;2640;2640;2623;2611
AT2;AT22;AT224;622;Hartberg-Fürstenfeld;62278;Vorau ;5075;5052;5051;5031;4995;4955;4944;4899;4851;4807;4811;4829;4816;4824;4781;4760;4731;4706;4701;4669;4650;4660;4624;4591
AT2;AT22;AT224;622;Hartberg-Fürstenfeld;62279;Waldbach-Mönichwald;1784;1735;1825;1759;1760;1695;1693;1682;1659;1628;1607;1577;1557;1546;1540;1532;1523;1477;1473;1461;1435;1406;1390;1386
AT2;AT22;AT224;622;Hartberg-Fürstenfeld;62280;Fürstenfeld ;9838;9821;9831;9842;9823;9775;9819;9812;9768;9710;9721;9648;9649;9831;9872;9891;9962;10062;10102;10109;10235;10316;10368;10391
AT2;AT22;AT224;623;Südoststeiermark;62311;Edelsbach bei Feldbach ;1350;1366;1384;1366;1370;1341;1360;1370;1362;1386;1394;1365;1338;1363;1334;1334;1342;1358;1350;1333;1354;1346;1362;1356
AT2;AT22;AT224;623;Südoststeiermark;62314;Eichkögl ;1221;1219;1212;1211;1207;1209;1213;1211;1228;1211;1228;1245;1241;1256;1292;1303;1310;1335;1337;1347;1360;1385;1392;1387
AT2;AT22;AT224;623;Südoststeiermark;62326;Halbenrain ;1876;1866;1859;1810;1819;1807;1799;1784;1793;1802;1789;1775;1752;1733;1735;1753;1747;1753;1731;1728;1728;1676;1694;1696
AT2;AT22;AT224;623;Südoststeiermark;62330;Jagerberg ;1772;1767;1757;1761;1768;1768;1742;1745;1709;1697;1665;1678;1671;1641;1641;1645;1653;1638;1638;1644;1629;1629;1611;1588
AT2;AT22;AT224;623;Südoststeiermark;62332;Kapfenstein ;1692;1678;1664;1661;1672;1665;1661;1631;1641;1631;1608;1615;1598;1590;1585;1577;1557;1557;1558;1550;1538;1528;1497;1499
AT2;AT22;AT224;623;Südoststeiermark;62335;Klöch ;1334;1321;1314;1305;1275;1284;1264;1259;1231;1228;1223;1231;1220;1210;1213;1207;1192;1185;1168;1173;1157;1158;1155;1162
AT2;AT22;AT224;623;Südoststeiermark;62343;Mettersdorf am Saßbach ;1324;1319;1318;1318;1344;1352;1338;1345;1339;1341;1318;1294;1292;1294;1294;1293;1282;1267;1282;1330;1361;1333;1360;1360
AT2;AT22;AT224;623;Südoststeiermark;62368;Tieschen ;1368;1366;1370;1396;1379;1398;1372;1348;1356;1352;1315;1313;1306;1287;1281;1266;1260;1219;1222;1196;1201;1227;1210;1193
AT2;AT22;AT224;623;Südoststeiermark;62372;Unterlamm ;1304;1272;1267;1257;1286;1284;1294;1318;1285;1281;1257;1235;1225;1233;1238;1246;1264;1248;1250;1254;1254;1242;1239;1265
AT2;AT22;AT224;623;Südoststeiermark;62375;Bad Gleichenberg ;5172;5148;5169;5161;5151;5175;5187;5239;5288;5298;5297;5299;5278;5292;5288;5336;5314;5303;5208;5173;5195;5303;5227;5232
AT2;AT22;AT224;623;Südoststeiermark;62376;Bad Radkersburg ;3329;3288;3252;3239;3221;3242;3244;3171;3154;3126;3082;3077;3064;3092;3114;3160;3156;3154;3178;3179;3178;3235;3227;3220
AT2;AT22;AT224;623;Südoststeiermark;62377;Deutsch Goritz ;1968;1960;1929;1893;1880;1905;1885;1882;1881;1849;1848;1878;1848;1821;1795;1811;1816;1815;1805;1795;1777;1789;1767;1779
AT2;AT22;AT224;623;Südoststeiermark;62378;Fehring ;7696;7636;7653;7669;7568;7588;7552;7434;7391;7362;7326;7361;7338;7329;7445;7332;7284;7246;7176;7167;7150;7245;7193;7146
AT2;AT22;AT224;623;Südoststeiermark;62379;Feldbach ;12620;12767;12766;12835;12949;12999;12981;12961;12892;12875;12926;12959;12989;13110;13313;13328;13369;13511;13450;13371;13337;13421;13515;13495
AT2;AT22;AT224;623;Südoststeiermark;62380;Gnas ;6408;6433;6416;6421;6417;6387;6345;6300;6298;6268;6218;6167;6089;6086;6056;6079;6046;6015;5985;5977;5990;5980;5977;5969
AT2;AT22;AT224;623;Südoststeiermark;62381;Kirchbach-Zerlach;3366;3387;3397;3388;3396;3405;3371;3349;3318;3289;3268;3222;3233;3231;3272;3260;3264;3236;3248;3265;3244;3203;3189;3200
AT2;AT22;AT224;623;Südoststeiermark;62382;Kirchberg an der Raab ;4205;4213;4257;4234;4265;4248;4262;4300;4349;4314;4322;4343;4406;4420;4408;4446;4488;4498;4567;4582;4564;4588;4634;4574
AT2;AT22;AT224;623;Südoststeiermark;62383;Mureck ;3843;3850;3806;3757;3731;3705;3710;3681;3659;3641;3630;3596;3582;3579;3567;3558;3551;3515;3521;3490;3454;3494;3508;3503
AT2;AT22;AT224;623;Südoststeiermark;62384;Paldau ;3094;3078;3087;3084;3076;3066;3100;3098;3120;3132;3130;3105;3118;3082;3076;3070;3130;3139;3161;3148;3142;3136;3095;3142
AT2;AT22;AT224;623;Südoststeiermark;62385;Pirching am Traubenberg ;2404;2467;2461;2505;2530;2550;2570;2600;2606;2611;2637;2626;2594;2592;2579;2583;2567;2559;2529;2522;2549;2557;2534;2513
AT2;AT22;AT224;623;Südoststeiermark;62386;Riegersburg ;5242;5263;5259;5284;5262;5230;5189;5148;5131;5103;5028;4959;4948;4926;4952;4906;4922;4953;4942;4926;4944;5041;5005;4950
AT2;AT22;AT224;623;Südoststeiermark;62387;Sankt Anna am Aigen ;2575;2547;2524;2508;2487;2486;2469;2489;2465;2438;2398;2372;2366;2371;2357;2357;2334;2342;2366;2367;2357;2381;2375;2350
AT2;AT22;AT224;623;Südoststeiermark;62388;Sankt Peter am Ottersbach ;3243;3201;3184;3194;3147;3141;3127;3131;3126;3080;3106;3060;3043;3016;3006;2953;2950;2920;2956;2917;2909;2913;2897;2884
AT2;AT22;AT224;623;Südoststeiermark;62389;Sankt Stefan im Rosental ;4067;4072;4072;4068;4081;4077;4088;4076;4062;4045;4047;4023;4016;3998;4004;3966;3947;3956;3898;3899;3832;3812;3788;3795
AT2;AT22;AT224;623;Südoststeiermark;62390;Straden ;3961;3962;3947;3963;3956;3930;3905;3876;3844;3814;3825;3747;3691;3677;3644;3619;3601;3554;3510;3508;3492;3470;3450;3400
